domain,pinn_annstartepo300_pcri-L1_p10c10.0_p9-2c5.0 [Drop0.4_Epo1000],pinn_pcri-L1_p10c10.0 [MS10_Drop0.4_Epo1000],pinn_pcri-L1_p5c10.0 [FS10_Drop0.4_Epo1000],data_tcri-log1p_mse_task10.0 [Drop0.4_Epo1000],pinn_annstartepo200_rampd700_pcri-L1_p5c10.0_p9-2c5.0 [FS10_Drop0.4_Epo1000],pinn_pcri-L1_p10c10.0 [FS10_Drop0.4_Epo1000],pinn_annstartepo300_pcri-L1_p10c10.0_p9-2c5.0 [FS10_Drop0.4_Epo1000],pinn_annstartepo300_rampd600_pcri-L1_p5c10.0_p2-2c5.0 [Drop0.4_Epo1000],pinn_annstartepo300_rampd600_pcri-L1_p5c10.0 [Drop0.4_Epo1000],pinn_pcri-L1_p5c10.0 [Drop0.4_Epo1000]
blue_cylinder_0.175_green_rub,0.43,7.03,13.37,11.16,7.52,8.9,6.85,5.94,5.95,5.95
blue_cylinder_0.175_wood_rough,0.43,4.34,8.62,7.91,5.27,10.58,9.44,9.35,9.85,9.85
blue_cylinder_0.175_wood_smooth,0.43,5.95,17.19,10.78,15.0,14.38,12.18,16.48,16.18,16.18
blue_cylinder_0.376_green_rub,0.17,4.03,6.75,6.78,6.53,5.93,7.64,4.61,4.19,4.19
blue_cylinder_0.376_wood_rough,0.43,2.97,9.03,9.65,7.12,7.08,7.77,5.8,5.21,5.21
blue_cylinder_0.376_wood_smooth,0.47,10.8,18.48,14.71,14.34,16.05,17.33,15.78,17.47,17.47
colored_cubes_0.167_green_rub,0.49,11.77,21.11,7.31,15.83,14.02,17.12,12.46,12.86,12.86
colored_cubes_0.397_green_rub,1.23,11.92,12.66,10.71,14.97,11.11,12.65,9.25,11.24,11.24
colored_cubes_0.989_green_rub,1.5,4.4,0.01,6.03,7.29,9.16,12.28,9.99,15.17,15.17
colored_cubes_0.989_wood_rough,2.57,5.22,0.0,3.47,3.68,11.07,12.21,11.58,13.1,13.1
colored_cubes_0.989_wood_smooth,0.69,7.89,0.01,4.91,8.94,8.77,9.25,1.61,1.13,1.13
nolid_cube_0.390_green_rub,0.17,2.79,3.41,7.99,8.52,9.04,7.78,14.11,13.23,13.23
nolid_cube_0.390_wood_rough,0.66,4.7,0.02,7.64,12.79,8.63,10.82,16.94,17.86,17.86
nolid_cube_0.390_wood_smooth,0.5,8.22,15.21,16.15,5.82,11.17,11.29,6.62,7.29,7.29
nolid_cube_0.498_green_rub,0.2,5.61,4.02,7.42,10.89,11.48,8.84,10.9,12.18,12.18
nolid_cube_0.498_wood_rough,0.2,5.14,18.93,10.23,18.27,13.11,14.71,19.28,20.89,20.89
nolid_cube_0.498_wood_smooth,1.01,3.27,13.42,5.67,9.37,7.84,12.18,6.93,7.85,7.85
nolid_cube_0.598_green_rub,0.11,2.3,3.62,3.94,11.82,12.18,9.41,12.28,12.31,12.31
nolid_cube_0.598_wood_rough,0.19,4.51,0.0,6.28,8.02,10.71,12.01,14.91,15.39,15.39
nolid_cube_0.598_wood_smooth,0.18,2.83,13.7,8.35,9.63,8.16,11.42,7.76,7.15,7.15
nolid_cube_0.694_green_rub,0.18,1.27,3.47,3.92,8.5,11.28,11.21,10.75,12.01,12.01
nolid_cube_0.694_wood_rough,0.08,3.97,0.0,3.92,8.4,7.92,7.58,15.96,17.24,17.24
nolid_cube_0.694_wood_smooth,0.46,8.22,16.07,9.05,6.31,9.71,11.15,8.04,8.22,8.22
nolid_cube_0.798_green_rub,0.94,3.06,0.0,4.22,4.07,9.26,8.14,12.79,13.92,13.92
nolid_cube_0.798_wood_rough,0.11,3.52,12.55,3.35,12.74,10.15,8.67,14.5,15.87,15.87
nolid_cube_0.798_wood_smooth,0.11,3.93,0.0,4.28,10.06,6.15,6.65,8.94,9.16,9.16
nolid_cube_0.915_green_rub,0.12,3.39,0.01,4.0,2.35,9.36,8.57,10.44,10.89,10.89
nolid_cube_0.915_wood_rough,0.08,3.34,0.0,3.91,6.74,10.49,11.61,14.45,15.66,15.66
nolid_cube_0.915_wood_smooth,3.82,5.7,0.0,3.85,9.29,7.79,9.08,8.31,7.29,7.29
nolid_cube_1.123_green_rub,0.31,3.49,0.01,4.2,3.92,4.54,4.97,11.69,13.13,13.13
nolid_cube_1.123_wood_rough,0.05,4.28,7.26,2.85,8.29,12.51,14.62,14.87,18.64,18.64
nolid_cube_1.123_wood_smooth,0.12,4.83,0.0,4.51,6.0,10.84,13.86,7.73,6.46,6.46
nolid_cube_1.240_green_rub,0.84,3.87,0.03,4.95,4.52,4.99,5.76,9.06,12.41,12.41
nolid_cube_1.240_wood_rough,0.08,7.02,0.01,5.33,7.69,9.69,12.2,12.22,17.12,17.12
nolid_cube_1.240_wood_smooth,0.1,4.75,0.0,3.99,3.95,8.33,10.04,6.55,6.76,6.76
nolid_cube_1.456_green_rub,0.35,4.02,0.03,3.52,3.67,2.53,3.46,5.8,6.65,6.65
nolid_cube_1.456_wood_rough,0.06,5.53,0.01,4.15,5.66,8.82,12.55,11.74,15.08,15.08
nolid_cube_1.456_wood_smooth,0.09,5.22,0.01,3.32,7.53,6.49,10.29,7.88,8.57,8.57
nolid_cube_1.656_green_rub,0.73,3.41,0.14,2.62,4.45,4.27,5.17,7.94,12.73,12.73
nolid_cube_1.656_wood_rough,0.24,7.94,0.01,3.41,4.86,3.76,8.59,8.51,12.6,12.6
nolid_cube_1.656_wood_smooth,0.36,6.52,0.01,4.32,8.42,3.68,5.53,8.97,8.87,8.87
nolid_cube_1.856_green_rub,0.64,4.82,0.06,3.4,3.43,3.33,4.36,3.39,5.35,5.35
nolid_cube_1.856_wood_rough,0.64,7.05,0.01,6.07,5.67,9.73,12.58,9.26,14.96,14.96
nolid_cube_1.856_wood_smooth,0.71,3.82,0.01,2.84,4.73,8.34,11.84,6.12,7.21,7.21
wooden_cube_0.348_green_rub,0.21,9.72,18.94,12.51,10.53,13.58,13.2,9.96,9.71,9.71
wooden_cube_0.348_wood_rough,0.43,14.68,22.78,18.18,12.92,17.14,16.41,15.74,16.81,16.81
wooden_cube_0.348_wood_smooth,0.2,9.97,11.61,12.13,14.94,12.44,13.86,18.68,19.48,19.48
wooden_cube_0.570_green_rub,0.15,3.47,0.01,7.41,12.5,11.46,13.44,13.43,13.69,13.69
wooden_cube_0.570_wood_rough,0.18,3.68,18.67,12.74,12.29,5.5,13.09,14.03,14.5,14.5
wooden_cube_0.570_wood_smooth,0.42,13.08,18.69,13.58,15.51,12.81,13.93,19.34,20.27,20.27
