domain,pinn_annstartepo300_rampd600_pcri-L1_p5c10.0_p2-2c5.0 [Drop0.4_Epo1000],pinn_annstartepo300_pcri-L1_p10c10.0_p9-2c5.0 [Drop0.4_Epo1000],pinn_annstartepo300_rampd600_pcri-L1_p5c10.0 [Drop0.4_Epo1000],pinn_pcri-L1_p5c10.0 [Drop0.4_Epo1000],data_tcri-log1p_mse_task10.0 [Drop0.4_Epo1000],pinn_pcri-L1_p10c10.0 [FS10_Drop0.4_Epo1000],pinn_annstartepo300_pcri-L1_p10c10.0_p9-2c5.0 [FS10_Drop0.4_Epo1000],pinn_annstartepo200_rampd700_pcri-L1_p5c10.0_p9-2c5.0 [FS10_Drop0.4_Epo1000],pinn_pcri-L1_p10c10.0 [MS10_Drop0.4_Epo1000],pinn_pcri-L1_p5c10.0 [FS10_Drop0.4_Epo1000]
blue_cylinder_0.175_green_rub,13.52,19.42,30.93,30.93,1.69,28.53,30.43,21.38,23.16,7.16
blue_cylinder_0.175_wood_rough,6.82,21.78,30.33,30.33,0.49,16.74,6.46,17.85,18.91,5.22
blue_cylinder_0.175_wood_smooth,4.03,3.66,8.05,8.05,12.89,45.92,46.17,1.94,48.3,29.95
blue_cylinder_0.376_green_rub,6.39,21.1,23.21,23.21,8.84,11.49,14.17,10.65,13.91,12.73
blue_cylinder_0.376_wood_rough,11.95,23.4,21.31,21.31,1.83,32.94,29.48,12.86,16.63,8.39
blue_cylinder_0.376_wood_smooth,0.3,2.16,47.0,47.0,12.03,41.09,46.31,11.2,9.39,14.92
colored_cubes_0.167_green_rub,3.48,2.94,11.45,11.45,2.07,31.65,41.71,38.52,40.3,23.31
colored_cubes_0.397_green_rub,16.42,1.49,19.34,19.34,18.46,39.08,44.43,2.22,2.94,9.0
colored_cubes_0.989_green_rub,6.02,0.02,27.92,27.92,37.42,8.41,6.83,47.59,33.77,51.17
colored_cubes_0.989_wood_rough,31.17,34.04,56.4,56.4,70.62,38.3,39.18,74.18,76.1,80.9
colored_cubes_0.989_wood_smooth,62.9,32.96,74.85,74.85,73.46,41.72,41.06,82.6,54.23,86.35
nolid_cube_0.390_green_rub,6.8,38.06,32.92,32.92,1.22,6.79,23.09,30.19,4.16,28.9
nolid_cube_0.390_wood_rough,4.89,8.89,51.46,51.46,44.47,42.78,50.35,43.09,50.45,62.12
nolid_cube_0.390_wood_smooth,7.83,15.16,10.76,10.76,3.32,31.23,27.66,11.86,29.13,6.32
nolid_cube_0.498_green_rub,5.35,38.11,7.28,7.28,0.09,0.29,7.32,29.24,23.05,29.52
nolid_cube_0.498_wood_rough,2.98,6.74,10.78,10.78,27.04,46.71,51.85,47.8,37.79,14.3
nolid_cube_0.498_wood_smooth,7.02,11.71,30.37,30.37,22.06,14.12,12.54,4.72,19.74,6.16
nolid_cube_0.598_green_rub,2.16,38.01,6.37,6.37,1.95,0.71,10.62,1.04,10.07,29.49
nolid_cube_0.598_wood_rough,10.08,7.15,36.89,36.89,47.27,46.7,50.24,46.92,36.81,62.12
nolid_cube_0.598_wood_smooth,6.78,15.23,12.51,12.51,14.55,23.58,30.3,31.96,26.86,6.08
nolid_cube_0.694_green_rub,5.56,38.05,2.99,2.99,2.51,14.93,15.97,0.71,6.28,29.1
nolid_cube_0.694_wood_rough,11.26,6.52,52.51,52.51,45.04,29.08,30.64,47.05,53.33,62.13
nolid_cube_0.694_wood_smooth,5.57,15.25,15.99,15.99,3.52,8.82,6.28,16.36,1.28,5.86
nolid_cube_0.798_green_rub,4.75,34.88,6.92,6.92,1.19,14.53,17.4,3.44,4.03,17.53
nolid_cube_0.798_wood_rough,11.5,6.6,11.1,11.1,49.93,26.28,10.82,9.74,58.16,62.13
nolid_cube_0.798_wood_smooth,5.53,15.03,9.82,9.82,25.24,1.58,4.7,31.28,17.0,40.35
nolid_cube_0.915_green_rub,0.6,37.66,31.39,31.39,2.37,31.87,33.01,7.82,13.04,17.53
nolid_cube_0.915_wood_rough,11.7,6.61,26.44,26.44,48.36,20.46,20.05,56.31,50.69,62.13
nolid_cube_0.915_wood_smooth,0.02,2.46,30.23,30.23,28.47,0.17,0.25,32.76,35.69,40.36
nolid_cube_1.123_green_rub,0.55,37.01,31.89,31.89,6.1,16.27,18.75,11.12,6.58,17.5
nolid_cube_1.123_wood_rough,12.22,6.67,11.51,11.51,50.03,17.62,17.05,41.63,47.57,62.11
nolid_cube_1.123_wood_smooth,6.33,14.92,11.27,11.27,29.84,5.75,6.18,30.12,35.88,40.35
nolid_cube_1.240_green_rub,4.58,35.24,31.81,31.81,0.54,14.99,18.39,9.99,10.9,17.45
nolid_cube_1.240_wood_rough,13.1,6.75,11.44,11.44,47.61,22.52,21.52,36.46,30.24,62.11
nolid_cube_1.240_wood_smooth,6.32,15.06,10.51,10.51,30.2,4.22,5.14,34.61,32.08,40.35
nolid_cube_1.456_green_rub,1.77,36.9,27.34,27.34,4.06,8.14,13.87,11.94,15.46,17.43
nolid_cube_1.456_wood_rough,16.74,6.62,12.49,12.49,48.74,26.26,24.11,57.04,55.16,62.11
nolid_cube_1.456_wood_smooth,2.11,15.05,9.24,9.24,29.7,7.12,4.42,36.3,23.52,40.31
nolid_cube_1.656_green_rub,1.35,35.44,28.28,28.28,7.7,17.23,20.22,13.83,20.48,17.07
nolid_cube_1.656_wood_rough,18.37,7.39,11.18,11.18,52.33,52.4,32.98,58.34,27.48,62.12
nolid_cube_1.656_wood_smooth,0.03,14.3,8.0,8.0,28.9,31.05,37.83,34.79,13.6,40.32
nolid_cube_1.856_green_rub,4.74,35.76,23.83,23.83,12.55,12.62,15.39,13.58,18.57,17.33
nolid_cube_1.856_wood_rough,19.49,8.64,13.96,13.96,49.14,26.51,23.71,48.99,34.38,62.1
nolid_cube_1.856_wood_smooth,0.05,12.75,6.8,6.8,29.24,4.59,2.43,36.62,28.69,40.34
wooden_cube_0.348_green_rub,1.25,7.3,5.7,5.7,5.29,46.3,43.76,1.7,31.53,1.17
wooden_cube_0.348_wood_rough,20.46,29.73,74.48,74.48,36.73,81.77,79.87,62.79,72.18,38.34
wooden_cube_0.348_wood_smooth,15.98,25.27,24.08,24.08,31.01,68.64,70.08,25.43,66.35,41.74
wooden_cube_0.570_green_rub,0.6,7.01,7.6,7.6,24.53,27.62,34.0,17.29,43.82,48.3
wooden_cube_0.570_wood_rough,34.3,29.94,47.06,47.06,44.61,47.14,48.85,43.7,61.78,38.53
wooden_cube_0.570_wood_smooth,16.19,25.43,27.2,27.2,41.43,61.66,63.86,70.65,33.28,33.84
