domain,data_tcri-log1p_mse_task10.0 [Drop0.4_Epo1000],hybrid_tcri-log1p_mse_task10.0_pcri-L1_p10c0.05 [Drop0.4_Epo1000],hybrid_tcri-log1p_mse_task10.0_pcri-L1_p10c1.0 [Drop0.4_Epo1000],hybrid_tcri-log1p_mse_task10.0_pcri-L1_p10c10.0 [Drop0.4_Epo1000],pinn_annstartepo300_pcri-L1_p10c10.0_p9-2c5.0 [Drop0.4_Epo1000],pinn_annstartepo300_rampd600_pcri-L1_p5c10.0 [Drop0.4_Epo1000],pinn_annstartepo300_rampd600_pcri-L1_p5c10.0_p2-2c5.0 [Drop0.4_Epo1000],pinn_pcri-L1_p10c10.0 [Drop0.4_Epo1000],pinn_pcri-L1_p10c10.0_p9-2c5.0 [Drop0.4_Epo1000],pinn_pcri-L1_p5c10.0 [Drop0.4_Epo1000],pinn_pcri-L1_p10c10.0 [MS20_Drop0.4_Epo1000],pinn_annstartepo300_pcri-L1_p10c10.0_p9-2c5.0 [FS20_Drop0.4_Epo1000],pinn_annstartepo400_rampd400_pcri-L1_p10c10.0_p9-2c5.0 [FS20_Drop0.4_Epo1000],pinn_pcri-L1_p10c10.0 [FS20_Drop0.4_Epo1000],pinn_annstartepo300_rampd600_pcri-L1_p10c10.0_p9-2c5.0 [MS15_Drop0.4_Epo1000],pinn_annstartepo300_pcri-L1_p10c10.0_p9-2c5.0 [FS15_Drop0.4_Epo1000],pinn_annstartepo300_rampd600_pcri-L1_p5c10.0 [FS15_Drop0.4_Epo1000],pinn_annstartepo400_rampd400_pcri-L1_p10c10.0_p9-2c5.0 [FS15_Drop0.4_Epo1000],pinn_pcri-L1_p5c10.0 [FS15_Drop0.4_Epo1000],pinn_annstartepo300_pcri-L1_p10c10.0_p9-2c5.0 [MS10_Drop0.4_Epo1000],pinn_annstartepo300_rampd600_pcri-L1_p10c10.0_p9-2c5.0 [MS10_Drop0.4_Epo1000],pinn_pcri-L1_p10c10.0 [MS10_Drop0.4_Epo1000],pinn_annstartepo300_pcri-L1_p10c10.0_p9-2c5.0 [FS10_Drop0.4_Epo1000],pinn_annstartepo300_rampd600_pcri-L1_p5c10.0 [FS10_Drop0.4_Epo1000],pinn_annstartepo300_rampd600_pcri-L1_p5c10.0_p2-2c5.0 [FS10_Drop0.4_Epo1000],pinn_pcri-L1_p10c10.0 [FS10_Drop0.4_Epo1000],pinn_pcri-L1_p5c10.0 [FS10_Drop0.4_Epo1000],pinn_annstartepo300_rampd600_pcri-L1_p10c10.0_p9-2c5.0 [MS5_Drop0.4_Epo1000],pinn_annstartepo300_rampd400_pcri-L1_p5c10.0_p2-2c5.0 [FS5_Drop0.4_Epo1000],pinn_annstartepo300_rampd600_pcri-L1_p5c10.0_p2-2c5.0 [FS5_Drop0.4_Epo1000],pinn_annstartepo300_rampd600_pcri-L1_p5c10.0_p9-2c5.0 [FS5_Drop0.4_Epo1000],pinn_pcri-L1_p5c10.0 [FS5_Drop0.4_Epo1000]
m_seen_mu_seen,-5.6924,-7.573,-5.7699,-14.171,-3.661,-4.2675,-4.5599,-3.0965,-166.0603,-4.2675,-5.8607,-7.4976,-10.7535,-7.0044,-19.105,-5.9185,-4.8753,-5.411,-4.8753,-26.7519,-26.7519,-20.4041,-5.5813,-2.1632,-9.511,-4.9676,-2.1632,-7.593,-329.3598,-415.7419,-200.2408,-783.4576
m_over,-187.4529,-129.032,-101.0264,-76.5105,-122.5814,-125.3452,-130.9579,-235.4545,-40.6028,-125.3452,-12.3356,-37.7506,-48.2237,-213.0475,-184.6171,-93.1171,-67.466,-95.8746,-67.466,-163.8306,-163.8306,-322.7778,-65.9796,,-365.1076,-79.6801,-601.048,-169.8371,-123.62,-151.6269,-210.6201,-170.503
m_under,-16.0042,-343.55,-35.8486,-26.0346,-90.8321,-83.2641,-25.8294,-120.6846,-717.0352,-83.2641,-111.5636,-688.9559,-697.017,-182.0412,-491.0768,-70.6757,-38.8178,-56.6038,-38.8178,-690.2411,-690.2411,-576.3989,-326.8675,,-54.9356,-93.9575,-55.4848,-802.8002,-1936.7123,-2246.6619,-1992.828,-2224.7585
mu_over,-6.1176,-7.9885,-6.8044,-16.0952,-3.9727,-5.2219,-5.3289,-3.5793,-298.0174,-5.2219,-5.8471,-13.1433,-13.0177,-12.8862,-19.8282,-6.1613,-4.4183,-5.6069,-4.4183,-30.6859,-30.6859,-20.5376,-6.3211,,-13.6692,-6.6166,-3.3297,-7.7107,-139.3803,-172.6557,-113.3897,-613.0153
mu_under,-6.6428,-10.1664,-3.8617,-10.0456,-3.4762,-2.7029,-2.8879,-3.4595,-411.4898,-2.7029,-10.2833,-5.4301,-18.9766,-4.0628,-25.9331,-7.4101,-6.8448,-6.3518,-6.8448,-27.2711,-27.2711,-26.6838,-7.1905,,-16.3703,-5.3806,-97.5967,-15.0239,-2010.1411,-2642.8987,-716.9211,-1545.3042
m_over_mu_over,-52.7847,-45.4907,-47.0784,-24.2766,-61.1054,-45.3882,-50.147,-110.9829,-15.4057,-45.3882,-7.4509,-20.4302,-32.7806,-70.1661,-48.2726,-52.1056,-42.638,-57.8125,-42.638,-42.4133,-42.4133,-100.8003,-38.1301,,-97.7147,-41.8568,-154.1328,-51.9976,-41.6755,-49.0009,-57.8496,-48.5767
m_under_mu_under,-95.1451,-1763.9164,-175.8201,-125.5056,-532.9041,-450.8354,-85.2981,-689.265,-3300.3071,-450.8354,-481.8751,-4232.9399,-4208.2046,-1221.9391,-2505.9368,-78.6255,-176.3046,-67.7915,-176.3046,-1168.54,-1168.54,-1280.7152,-1375.078,,-53.3858,-285.3138,-45.4934,-4601.3223,-9513.0957,-10976.3525,-9829.2705,-10880.4287
m_over_mu_under,-242.5239,-84.6427,-975.7886,-670.8207,-93.7746,-579.9313,-587.1917,-92.2254,-795.7444,-579.9313,-12.5708,-40.0465,-48.731,-257.6172,-1954.3134,-24.7028,-103.6395,-21.8862,-103.6395,-606.9429,-606.9429,-300.2164,-32.6652,,-210.0418,-44.2906,-7.7787,-575.9855,-468.7438,-972.1445,-2197.1003,-2813.8701
m_under_mu_over,-19.7743,-244.8546,-44.641,-10.4284,-42.7487,-47.7074,-20.3805,-65.2462,-422.6221,-47.7074,-53.3334,-104.6715,-168.6375,-23.7794,-199.843,-57.7008,-23.4657,-42.7158,-23.4657,-336.7688,-336.7688,-257.2704,-77.7517,,-49.8025,-31.716,-98.7823,-487.6319,-1166.9304,-1358.194,-1206.7726,-1345.1285
