domain,data_tcri-log1p_mse_task10.0,hybrid_tcri-log1p_mse_task10.0_pcri-mse_p5c5.0,pinn_annstartepo100_pcri-mse_p10c10.0_p9-2c5.0,pinn_annstartepo100_pcri-mse_p5c10.0_p2-2c5.0,pinn_annstartepo100_tcri-log1p_mse_task10.0_pcri-mse_p11c10.0_p11-2c5.0,pinn_pcri-mse_p10c10.0,pinn_pcri-mse_p5c10.0,pinn_tcri-log1p_mse_task10.0_pcri-mse_p11c10.0
m_seen_mu_seen,5.91,2.17,5.76,3.07,5.9,5.31,3.39,5.93
m_over,29.29,16.11,22.91,18.28,24.78,22.0,18.27,28.2
m_under,14.89,4.91,3.95,5.11,17.14,3.77,2.49,15.98
mu_over,5.95,5.72,1.82,6.36,6.16,1.95,6.17,6.0
mu_under,6.0,4.35,10.27,5.55,5.92,10.29,10.03,6.02
m_over_mu_over,29.08,15.01,19.82,17.09,23.92,20.25,18.51,27.99
m_under_mu_under,14.92,4.29,3.89,4.36,17.14,3.59,2.58,16.02
m_over_mu_under,29.53,18.72,29.96,23.13,25.72,28.77,23.01,28.44
m_under_mu_over,14.77,5.69,4.07,6.97,17.1,4.07,2.83,15.86
