domain,pinn_pcri-L1_p10c10.0 [MS10_Drop0.4_Epo1000],pinn_pcri-L1_p10c10.0 [FS10_Drop0.4_Epo1000],pinn_pcri-L1_p10c10.0 [MS10_FS0_Drop0.4_Epo1000],pinn_pcri-L1_p10c10.0 [FS10_MS0_Drop0.4_Epo1000]
m_seen_mu_seen,10.23,16.76,60.89,9.19
m_over,12.07,16.2,60.81,21.61
m_under,18.09,12.45,59.93,15.5
mu_over,29.81,42.34,24.16,26.15
mu_under,28.78,18.28,97.54,20.24
m_over_mu_over,37.15,31.65,24.58,14.74
m_under_mu_under,18.04,30.64,96.77,24.82
m_over_mu_under,31.58,32.89,97.98,35.85
m_under_mu_over,51.18,39.09,23.05,48.47
