domain,Baseline transver4 mmaxseen1.0 mminseen0.3 (Data Only),PINN 3 Trans4 mmaxseen1.0 mminseen0.3,PINN 4 Trans4 mmaxseen1.0 mminseen0.3,PINN 5 Trans4 mmaxseen1.0 mminseen0.3,PINN 6 Trans4 mmaxseen1.0 mminseen0.3,PINN 7 Trans4 mmaxseen1.0 mminseen0.3
m_seen_mu_seen,0.61,0.66,0.52,3.75,0.67,0.56
m_over,1.38,1.1,1.26,4.4,1.11,1.11
m_under,0.54,0.56,0.4,3.01,0.59,0.6
mu_over,0.83,0.78,0.67,3.79,0.77,0.68
mu_under,0.54,0.58,0.52,3.74,0.74,0.53
m_over_mu_over,1.54,1.16,1.42,4.02,1.3,1.18
m_under_mu_under,0.54,0.54,0.35,2.95,0.53,0.56
m_over_mu_under,1.38,1.26,1.42,4.78,1.44,1.43
m_under_mu_over,0.89,0.9,0.82,3.1,0.95,0.96
